/notice/15,"116,870","97,166",00:01:14,"73,965",27.82%,24.77%,$0.00
/135,"68,598","56,071",00:01:13,"43,510",28.63%,27.04%,$0.00
/130,"57,123","41,283",00:01:03,"33,581",24.22%,22.34%,$0.00
/38,"56,736","51,959",00:06:49,"43,198",77.34%,73.86%,$0.00
/66,"54,228","50,916",00:07:18,"46,840",88.34%,86.31%,$0.00
/category/C,"51,826","36,688",00:00:27,"9,130",18.95%,7.22%,$0.00
/29,"46,756","43,404",00:06:21,"35,665",81.72%,74.75%,$0.00
/category/C++,"44,293","27,391",00:00:37,"7,194",26.04%,11.55%,$0.00
/,"42,191","33,039",00:01:09,"22,529",42.22%,32.80%,$0.00
/5,"40,678","34,068",00:02:57,"17,299",49.55%,38.18%,$0.00
/category/C?page=2,"39,716","25,294",00:00:23,"3,954",26.10%,6.67%,$0.00
/215,"37,471","33,929",00:07:33,"31,257",85.63%,82.85%,$0.00
/10,"35,142","32,038",00:05:34,"20,614",85.72%,68.48%,$0.00
/7,"35,081","30,123",00:05:36,"11,088",70.36%,50.31%,$0.00
/187,"34,978","31,154",00:02:32,"21,113",75.11%,65.92%,$0.00
/36,"34,673","32,507",00:05:01,"28,764",79.01%,75.88%,$0.00
/64,"29,938","28,123",00:06:35,"24,115",82.71%,79.21%,$0.00
/9,"28,967","26,008",00:05:45,"14,757",78.19%,59.30%,$0.00
/6,"28,731","24,124",00:03:46,"4,139",42.11%,25.39%,$0.00
/134,"25,899","22,336",00:02:27,"6,326",36.48%,27.30%,$0.00
/8,"25,570","22,665",00:05:37,"9,787",75.40%,54.29%,$0.00
/14,"24,390","21,147",00:04:01,"15,980",77.47%,63.26%,$0.00
/23,"24,160","21,685",00:06:12,"11,027",74.29%,57.28%,$0.00
/99,"23,343","21,976",00:05:48,"19,374",90.43%,83.93%,$0.00
/77,"23,289","22,075",00:05:54,"20,064",87.36%,84.85%,$0.00
/45,"23,165","21,371",00:05:02,"17,916",77.62%,72.78%,$0.00
/58,"23,031","21,401",00:06:35,"18,406",78.02%,74.82%,$0.00
/entry/씹어먹는-C-언어-1-C-언어가-뭐야,"22,959","19,571",00:04:05,"3,600",49.92%,36.72%,$0.00
/196,"22,789","20,989",00:05:08,"19,513",87.61%,82.81%,$0.00
/65,"22,762","21,029",00:07:03,"16,700",80.41%,75.20%,$0.00
/67,"22,203","20,645",00:07:26,"17,819",85.50%,82.78%,$0.00
/129,"21,068","19,610",00:04:55,"15,217",83.84%,73.68%,$0.00
/12,"21,029","18,596",00:05:48,"7,472",76.77%,60.90%,$0.00
/195,"20,865","18,478",00:04:17,"12,700",77.35%,64.49%,$0.00
/32,"20,687","18,811",00:06:02,"10,380",77.00%,64.11%,$0.00
/131,"20,648","19,577",00:06:57,"18,082",88.99%,86.78%,$0.00
/98,"20,566","18,972",00:06:20,"13,456",83.99%,72.93%,$0.00
/35,"20,427","19,319",00:06:01,"17,628",87.64%,85.19%,$0.00
/104,"19,483","18,533",00:06:02,"16,839",87.49%,84.78%,$0.00
/102,"18,067","16,706",00:07:37,"14,455",85.08%,81.04%,$0.00
/68,"18,031","16,576",00:06:47,"13,577",81.89%,76.07%,$0.00
/136,"16,963","14,893",00:04:16,"3,034",61.73%,32.96%,$0.00
/33,"16,364","14,854",00:06:29,"7,515",74.36%,59.23%,$0.00
/100,"16,340","14,963",00:05:38,"11,315",83.45%,74.26%,$0.00
/220,"16,161","13,810",00:05:35,"8,498",81.10%,62.68%,$0.00
/89,"16,113","15,066",00:05:52,"12,528",87.56%,79.04%,$0.00
/106,"15,831","14,957",00:06:24,"12,991",84.84%,81.58%,$0.00
/87,"15,574","14,576",00:06:01,"11,030",86.92%,73.15%,$0.00
/210,"15,492","14,192",00:05:21,"11,384",84.72%,74.99%,$0.00
/21,"15,399","13,278",00:04:13,"2,027",61.47%,31.96%,$0.00
/113,"15,393","13,835",00:03:54,"11,608",78.97%,72.86%,$0.00
/101,"14,851","13,771",00:05:55,"11,992",85.65%,81.10%,$0.00
/169,"14,788","13,393",00:05:00,"5,249",74.64%,50.90%,$0.00
/79,"14,630","13,741",00:05:39,"11,647",83.64%,78.37%,$0.00
/117,"14,434","13,033",00:05:51,"8,459",72.81%,61.70%,$0.00
/18,"14,403","12,854",00:05:13,"3,766",70.13%,52.81%,$0.00
/55,"13,919","12,552",00:05:46,"7,324",77.99%,62.81%,$0.00
/123,"13,823","12,507",00:05:39,"8,483",76.49%,66.88%,$0.00
/44,"13,484","12,612",00:04:26,"10,114",76.03%,70.27%,$0.00
/114,"13,242","12,010",00:03:12,"9,276",76.61%,68.49%,$0.00
/213,"13,233","12,110",00:03:34,"7,603",80.46%,62.75%,$0.00
/188,"13,230","11,696",00:04:32,"4,260",64.34%,50.29%,$0.00
/17,"13,103","12,177",00:05:03,"5,279",83.33%,55.18%,$0.00
/24,"12,994","11,378",00:06:16,"3,688",65.29%,47.96%,$0.00
/80,"12,631","11,847",00:06:05,"9,617",85.47%,79.59%,$0.00
/69,"12,522","11,678",00:06:15,"9,687",81.91%,76.32%,$0.00
/189,"12,089","10,964",00:05:10,"8,934",82.90%,71.83%,$0.00
/141,"11,935","10,743",00:06:46,"3,022",67.07%,48.01%,$0.00
/category/C?page=1,"11,705","7,173",00:00:35,959,25.86%,10.76%,$0.00
/173,"11,656","10,008",00:05:29,"3,313",70.30%,49.03%,$0.00
/25,"11,405","10,120",00:05:40,"3,748",69.58%,53.37%,$0.00
/40,"11,378","10,501",00:05:06,"7,385",72.67%,65.86%,$0.00
/19,"11,360","10,419",00:02:13,"3,573",76.46%,33.07%,$0.00
/138,"11,248","9,890",00:05:15,"1,764",49.55%,32.43%,$0.00
/59,"10,782","10,056",00:06:05,"9,312",87.01%,84.65%,$0.00
/93,"10,543","9,693",00:06:01,"7,775",81.79%,75.32%,$0.00
/202,"10,434","9,572",00:04:28,"6,831",85.79%,72.25%,$0.00
/26,"10,120","9,015",00:04:18,"3,367",70.00%,48.73%,$0.00
/60,"10,047","9,158",00:05:21,"5,845",82.40%,66.49%,$0.00
/172,"10,035","8,801",00:06:04,"2,810",59.32%,43.41%,$0.00
/16,"9,923","8,979",00:04:55,"2,635",68.08%,40.21%,$0.00
/103,"9,914","9,303",00:05:22,"6,731",88.86%,74.70%,$0.00
/37,"9,884","8,922",00:04:54,"5,830",71.46%,62.66%,$0.00
/142,"9,708","9,427",00:03:32,"8,707",96.31%,90.31%,$0.00
/20,"9,551","8,643",00:04:49,"2,396",68.82%,41.21%,$0.00
/71,"9,378","8,619",00:05:26,"6,253",85.88%,71.84%,$0.00
/category/C Reference,"9,049","6,846",00:00:27,"1,222",23.24%,8.42%,$0.00
/198,"8,852","7,941",00:05:04,"4,435",81.17%,65.89%,$0.00
/57,"8,120","7,742",00:05:43,"6,544",87.15%,81.40%,$0.00
/27,"8,068","7,137",00:05:43,"2,571",69.08%,50.55%,$0.00
/85,"7,500","7,115",00:05:50,"5,872",87.59%,80.92%,$0.00
/120,"7,252","6,529",00:03:33,"4,889",75.50%,66.45%,$0.00
/197,"7,218","6,405",00:03:40,"1,558",57.25%,45.86%,$0.00
/76,"7,176","6,737",00:02:52,"5,706",66.65%,62.61%,$0.00
/48,"7,143","6,625",00:04:14,"5,427",76.43%,69.84%,$0.00
/41,"7,115","6,453",00:04:13,"4,641",77.18%,64.85%,$0.00
/72,"6,749","6,238",00:05:07,"4,880",80.16%,71.76%,$0.00
/211,"6,725","6,159",00:04:02,"3,779",81.66%,66.35%,$0.00
/84,"6,577","6,226",00:04:40,"5,536",90.39%,85.69%,$0.00
/28,"6,265","5,524",00:04:44,"1,664",63.64%,46.90%,$0.00
/43,"6,035","5,591",00:04:36,"2,717",78.28%,58.19%,$0.00
/110,"5,948","5,376",00:03:24,"4,414",83.21%,74.01%,$0.00
/83,"5,917","5,122",00:04:39,"2,711",79.45%,53.90%,$0.00
/notice/107,"5,860","5,276",00:02:16,384,31.51%,19.47%,$0.00
/140,"5,736","5,279",00:03:30,"4,626",84.24%,77.63%,$0.00
/118,"5,609","5,043",00:02:54,"3,894",75.83%,66.66%,$0.00
/185,"5,512","5,179",00:02:50,"4,707",84.64%,80.95%,$0.00
/186,"5,488","5,197",00:03:23,"4,641",88.19%,84.84%,$0.00
/124,"5,412","5,104",00:05:00,"4,544",87.74%,83.80%,$0.00
/149,"5,300","4,934",00:05:27,"4,223",83.23%,78.55%,$0.00
/217,"5,273","4,792",00:03:46,"2,919",77.12%,61.22%,$0.00
/90,"5,237","4,901",00:05:20,"3,748",84.50%,75.44%,$0.00
/61,"5,113","4,641",00:04:34,"4,069",80.81%,75.67%,$0.00
/51,"5,073","4,704",00:06:02,"3,461",79.37%,72.99%,$0.00
/81,"4,913","4,556",00:05:26,"3,331",82.74%,71.87%,$0.00
/74,"4,850","4,486",00:05:24,"3,446",79.72%,72.41%,$0.00
/category/C++ Reference,"4,665","3,872",00:00:18,281,20.28%,7.14%,$0.00
/112,"4,611","4,012",00:03:52,"2,702",79.39%,64.69%,$0.00
/209,"4,604","4,136",00:04:06,"1,494",71.29%,50.33%,$0.00
/category/C Reference?page=3,"4,598","3,216",00:00:30,178,44.38%,9.16%,$0.00
/214,"4,580","4,045",00:01:45,835,64.07%,25.63%,$0.00
/223,"4,514","4,190",00:04:30,"3,243",85.63%,74.46%,$0.00
/category/C Reference?page=2,"4,514","2,708",00:00:16,209,18.66%,4.83%,$0.00
/108,"4,508","4,081",00:01:42,"3,385",59.79%,55.04%,$0.00
/109,"4,490","3,975",00:03:55,"2,653",77.65%,65.43%,$0.00
/225,"4,384","4,024",00:02:02,"2,396",82.72%,59.49%,$0.00
/31,"4,362","4,021",00:04:15,"1,168",69.95%,36.27%,$0.00
/34,"4,326","4,063",00:04:08,"2,508",84.33%,64.26%,$0.00
/96,"4,263","3,891",00:04:54,"3,028",84.02%,73.94%,$0.00
/174,"4,139","3,636",00:02:25,"3,125",59.84%,55.69%,$0.00
/75,"3,987","3,733",00:04:17,"2,892",83.47%,76.02%,$0.00
/111,"3,942","3,585",00:04:32,"2,523",84.30%,71.69%,$0.00
/88,"3,921","3,570",00:05:06,"1,364",72.51%,49.91%,$0.00
/183,"3,897","3,757",00:03:14,"3,403",90.68%,85.94%,$0.00
/47,"3,881","3,630",00:03:50,"2,786",78.07%,69.47%,$0.00
/7?category=194983,"3,869","3,288",00:05:06,753,51.00%,41.35%,$0.00
/30,"3,824","3,467",00:03:25,"1,119",56.75%,35.90%,$0.00
/78,"3,703","3,419",00:05:27,"2,726",83.13%,76.07%,$0.00
/39,"3,673","3,343",00:04:22,"1,815",72.51%,56.41%,$0.00
/62,"3,645","3,355",00:05:58,"2,886",84.16%,80.08%,$0.00
/119,"3,615","3,180",00:04:04,"2,202",71.30%,60.25%,$0.00
/224,"3,597","3,292",00:04:20,"2,759",87.71%,79.15%,$0.00
/53,"3,570","3,367",00:05:21,"2,992",86.26%,82.21%,$0.00
/204,"3,485","3,161",00:03:24,"1,413",77.28%,54.78%,$0.00
/125,"3,364","3,137",00:02:48,947,68.32%,47.29%,$0.00
/203,"3,285","2,938",00:03:04,"1,004",67.23%,42.19%,$0.00
/category/Open Book Project,"3,143","2,696",00:00:20,172,13.95%,8.46%,$0.00
/category/C Reference/stdio.h (cstdio),"3,101","1,954",00:00:25,303,8.91%,4.87%,$0.00
/6?category=194983,"3,034","2,571",00:04:01,399,39.35%,23.04%,$0.00
/notice/126,"3,025","2,556",00:01:04,339,33.92%,16.79%,$0.00
/122,"3,010","2,771",00:04:43,"2,236",84.84%,76.18%,$0.00
/218,"2,956","2,671",00:01:38,696,63.94%,33.05%,$0.00
/46,"2,844","2,584",00:02:41,"1,658",69.72%,57.14%,$0.00
/208,"2,774","2,520",00:01:48,"1,606",69.12%,52.88%,$0.00
/135?category=361027,"2,771","2,290",00:01:01,663,17.80%,13.75%,$0.00
/54,"2,696","2,532",00:05:01,"1,685",80.95%,71.36%,$0.00
/94,"2,689","2,457",00:04:01,"1,540",76.82%,66.72%,$0.00
/141?category=361027,"2,674","2,351",00:06:16,602,48.17%,44.24%,$0.00
/136?category=361027,"2,650","2,239",00:03:56,242,45.04%,26.04%,$0.00
/219,"2,632","2,363",00:02:27,696,68.68%,42.86%,$0.00
/121,"2,620","2,447",00:04:19,"1,942",77.29%,69.39%,$0.00
/category/My Program,"2,520","2,221",00:00:11,73,12.33%,8.89%,$0.00
/191,"2,405","2,169",00:05:05,"1,567",79.90%,69.56%,$0.00
/138?category=361027,"2,402","2,175",00:04:48,427,53.86%,30.72%,$0.00
/169?category=361027,"2,390","2,109",00:04:23,505,46.14%,35.44%,$0.00
/5?category=194983,"2,372","1,954",00:03:18,372,30.91%,23.10%,$0.00
/8?category=194983,"2,372","2,069",00:06:09,638,71.63%,45.28%,$0.00
/173?category=361027,"2,342","2,006",00:05:44,617,55.92%,39.80%,$0.00
/143,"2,314","2,139",00:03:14,"1,622",79.47%,67.85%,$0.00
/184,"2,257","1,930",00:00:33,303,37.95%,14.62%,$0.00
/193,"2,230","2,003",00:04:48,"1,694",82.53%,74.08%,$0.00
/178,"2,193","2,045",00:02:18,"1,564",88.04%,74.37%,$0.00
/category/C++ Reference?page=2,"2,169","1,652",00:00:29,45,13.33%,9.36%,$0.00
/95,"2,127","1,933",00:03:45,"1,059",76.58%,59.00%,$0.00
/172?category=361027,"2,109","1,848",00:05:54,554,51.81%,40.73%,$0.00
/49,"2,087","1,939",00:05:06,"1,694",85.71%,80.16%,$0.00
/9?category=194983,"2,066","1,752",00:04:47,539,50.46%,36.74%,$0.00
/24?category=194983,"2,012","1,715",00:05:26,493,50.91%,40.31%,$0.00
/146,"1,991","1,764",00:02:40,"1,310",59.08%,54.85%,$0.00
/105,"1,988","1,891",00:03:29,"1,612",88.59%,81.09%,$0.00
/10?category=194983,"1,976","1,694",00:04:28,399,47.12%,37.35%,$0.00
/188?category=361027,"1,957","1,673",00:04:29,445,57.08%,44.81%,$0.00
/116,"1,936","1,694",00:02:12,790,73.54%,49.69%,$0.00
/12?category=194983,"1,924","1,643",00:05:08,463,67.39%,54.11%,$0.00
/category/C Reference/string.h (cstring),"1,894","1,010",00:00:32,169,33.73%,8.45%,$0.00
/82,"1,885","1,752",00:05:41,"1,104",78.35%,63.40%,$0.00
/199,"1,848","1,682",00:01:23,"1,080",84.35%,61.58%,$0.00
/201,"1,833","1,425",00:01:21,293,54.61%,26.40%,$0.00
/175,"1,818","1,664",00:02:50,865,79.77%,60.40%,$0.00
/23?category=194983,"1,649","1,431",00:06:25,248,51.21%,40.02%,$0.00
/221,"1,628","1,476",00:04:05,920,71.30%,55.59%,$0.00
/151,"1,594","1,494",00:04:11,"1,101",70.57%,64.18%,$0.00
/category/C Reference?page=1,"1,546","1,068",00:00:38,139,23.74%,13.13%,$0.00
/177,"1,525","1,377",00:02:34,938,84.22%,69.84%,$0.00
/category/Tip,"1,513","1,367",00:00:12,79,15.19%,6.41%,$0.00
/25?category=194983,"1,476","1,292",00:05:53,372,57.80%,45.12%,$0.00
/92,"1,464","1,316",00:02:42,750,75.87%,60.72%,$0.00
/197?category=361027,"1,446","1,246",00:03:39,281,55.87%,40.39%,$0.00
/196?category=361027,"1,349","1,225",00:02:44,309,24.60%,37.88%,$0.00
/20?category=194983,"1,304","1,128",00:03:48,233,31.33%,28.07%,$0.00
/189?category=361027,"1,301","1,171",00:04:09,360,48.61%,35.13%,$0.00
/97,"1,298","1,171",00:02:48,496,76.81%,48.00%,$0.00
/134?category=361027,"1,295","1,186",00:02:23,182,26.37%,17.99%,$0.00
/139,"1,295","1,189",00:02:04,572,83.57%,59.54%,$0.00
/category,"1,283",995,00:00:29,248,37.90%,18.16%,$0.00
/213?category=361027,"1,271","1,122",00:02:27,303,23.10%,23.84%,$0.00
/category/C++?page=2,"1,259","1,020",00:00:17,27,0.00%,3.34%,$0.00
/33?category=194983,"1,228","1,056",00:05:44,203,55.17%,45.85%,$0.00
/category/C Reference/stdio.h (cstdio)?page=2,"1,198",811,00:00:08,33,9.09%,5.09%,$0.00
/18?category=194983,"1,195","1,050",00:03:40,224,60.71%,45.61%,$0.00
/225?category=361027,"1,180","1,068",00:01:46,296,56.08%,35.08%,$0.00
/category/C Reference/time.h (ctime),"1,165",460,00:00:09,39,0.00%,3.61%,$0.00
/category/C++?page=1,"1,165",796,00:00:38,97,49.48%,15.02%,$0.00
/217?category=361027,"1,150",995,00:01:38,139,23.74%,23.13%,$0.00
/130?category=194983,"1,147",781,00:00:57,124,36.29%,11.86%,$0.00
/27?category=194983,"1,125","1,016",00:05:16,357,66.95%,53.24%,$0.00
/198?category=361027,"1,092",974,00:04:41,330,55.15%,46.25%,$0.00
/26?category=194983,"1,089",998,00:04:59,206,57.28%,36.91%,$0.00
/32?category=194983,"1,065",917,00:04:57,151,40.40%,30.70%,$0.00
/192,"1,044",944,00:03:37,720,73.47%,64.08%,$0.00
/14?category=194983,"1,032",959,00:01:27,375,74.93%,35.17%,$0.00
/16?category=194983,"1,032",874,00:04:19,154,29.22%,24.32%,$0.00
/204?category=361027,"1,026",908,00:02:40,103,40.78%,25.05%,$0.00
/133,"1,004",944,00:01:07,118,79.66%,32.87%,$0.00
/entry/씹어먹는-C-언어-3-변수가-뭐지,"1,004",971,00:07:04,454,70.70%,52.69%,$0.00
/52,998,889,00:02:47,296,65.54%,51.20%,$0.00
/73,989,871,00:03:13,454,74.01%,52.28%,$0.00
/29?category=194983,971,838,00:05:01,151,70.20%,35.84%,$0.00
/219?category=361027,956,838,00:03:56,139,67.63%,43.31%,$0.00
/147,947,877,00:04:23,563,78.51%,63.89%,$0.00
/17?category=194983,935,856,00:04:46,82,47.56%,33.37%,$0.00
/228,923,817,00:01:21,263,60.84%,42.25%,$0.00
/194,920,841,00:02:10,436,79.13%,53.59%,$0.00
/21?category=194983,920,787,00:03:06,64,23.44%,15.76%,$0.00
/category/Life,917,841,00:00:11,33,18.18%,5.89%,$0.00
/181,902,856,00:02:52,790,92.28%,85.14%,$0.00
/70,889,799,00:03:34,402,69.90%,49.38%,$0.00
/187?category=194983,883,799,00:02:15,24,37.50%,30.46%,$0.00
/28?category=194983,868,735,00:04:57,245,65.31%,45.62%,$0.00
/55?category=194983,850,744,00:04:56,106,74.53%,40.94%,$0.00
/category/Javascript,841,811,00:00:20,76,67.11%,23.78%,$0.00
/202?category=361027,832,738,00:03:59,236,66.53%,45.43%,$0.00
/132,829,765,00:03:28,360,83.33%,58.38%,$0.00
/209?category=361027,808,687,00:04:27,130,46.92%,41.58%,$0.00
/223?category=361027,790,702,00:04:58,157,61.78%,44.43%,$0.00
/?page=2,765,693,00:04:22,124,61.29%,33.59%,$0.00
/224?category=361027,747,647,00:05:29,185,55.68%,50.20%,$0.00
/category/C Reference/stdio.h (cstdio)?page=1,747,427,00:00:32,21,28.57%,10.17%,$0.00
/155,735,663,00:01:46,566,76.50%,67.89%,$0.00
/category/C++ Reference/IOstream,735,557,00:00:20,64,14.06%,6.12%,$0.00
/category/C++ Reference/STL Container,735,602,00:00:27,30,20.00%,14.01%,$0.00
/176,732,675,00:02:29,339,85.55%,59.15%,$0.00
/category/C++ Reference?page=1,720,478,00:01:00,21,42.86%,10.14%,$0.00
/210?category=361027,711,647,00:05:07,142,55.63%,43.46%,$0.00
/123?category=194983,705,605,00:05:40,121,47.11%,36.45%,$0.00
/86,705,669,00:01:59,369,74.53%,48.94%,$0.00
/60?category=194983,693,620,00:04:31,130,81.54%,43.29%,$0.00
/100?category=194983,687,629,00:04:02,112,59.82%,40.47%,$0.00
/215?category=361027,687,608,00:03:48,136,55.88%,47.60%,$0.00
/220?category=194983,684,611,00:02:19,57,47.37%,26.02%,$0.00
/98?category=194983,678,617,00:04:57,145,58.62%,48.23%,$0.00
/144,647,590,00:01:12,405,76.30%,55.64%,$0.00
/222,647,608,00:03:16,242,71.07%,42.50%,$0.00
/43?category=194983,644,584,00:03:12,178,37.64%,39.44%,$0.00
/117?category=194983,614,511,00:05:15,67,44.78%,32.57%,$0.00
/19?category=194983,608,548,00:00:54,64,18.75%,7.40%,$0.00
/182,602,551,00:04:27,460,82.83%,71.43%,$0.00
/190,590,526,00:01:48,439,86.79%,73.39%,$0.00
/211?category=361027,563,499,00:05:09,106,50.94%,39.79%,$0.00
/129?category=194983,557,502,00:03:47,70,47.14%,26.03%,$0.00
/222?category=361027,539,490,00:03:55,163,42.94%,39.89%,$0.00
/221?category=361027,526,451,00:04:01,118,48.31%,33.27%,$0.00
/203?category=361027,523,451,00:05:19,82,51.22%,37.09%,$0.00
/71?category=194983,520,472,00:06:18,112,65.18%,47.69%,$0.00
/167,517,487,00:02:25,366,86.89%,69.63%,$0.00
/91,484,451,00:01:34,191,60.21%,33.06%,$0.00
/30?category=194983,472,408,00:04:08,70,12.86%,24.36%,$0.00
/157,469,454,00:02:34,387,86.05%,79.32%,$0.00
/125?category=194983,466,414,00:02:51,79,60.76%,33.05%,$0.00
/214?category=194983,454,402,00:02:17,33,36.36%,18.72%,$0.00
/31?category=194983,445,433,00:03:13,70,38.57%,19.78%,$0.00
/83?category=194983,442,354,00:05:09,85,38.82%,30.09%,$0.00
/184?category=194983,436,336,00:00:42,24,0.00%,10.32%,$0.00
/guestbook,436,327,00:00:46,18,33.33%,16.74%,$0.00
/218?category=361027,417,390,00:01:57,67,26.87%,25.42%,$0.00
/88?category=194983,417,369,00:05:58,82,51.22%,41.25%,$0.00
/category/C Reference/stdlib.h (cstdlib),405,315,00:00:10,27,22.22%,14.07%,$0.00
/103?category=194983,390,348,00:05:07,61,49.18%,31.79%,$0.00
/115,387,366,00:00:40,12,25.00%,14.73%,$0.00
/154,375,333,00:02:18,233,81.97%,70.13%,$0.00
/228?category=361027,375,357,00:01:40,57,68.42%,37.87%,$0.00
/entry/씹어먹는-C-언어-7-뱅글-뱅글-for-while,375,360,00:03:59,97,49.48%,28.27%,$0.00
/165,360,315,00:03:35,233,73.82%,60.56%,$0.00
/87?category=194983,360,312,00:05:33,39,46.15%,26.94%,$0.00
/89?category=194983,330,303,00:04:39,48,50.00%,31.21%,$0.00
/114?category=292653,327,284,00:00:55,18,33.33%,24.16%,$0.00
/227?category=361027,324,293,00:05:15,82,74.39%,49.38%,$0.00
/158,318,281,00:02:46,239,77.41%,67.61%,$0.00
/category/Assembly,318,306,00:00:14,6,50.00%,14.15%,$0.00
/201?category=518457,315,221,00:01:19,0,0.00%,11.43%,$0.00
/164,312,290,00:03:29,233,83.26%,70.83%,$0.00
/227,312,300,00:04:13,178,73.03%,57.05%,$0.00
/category/C++ Reference/IOstream?page=2,300,212,00:00:15,0,0.00%,5.00%,$0.00
/159,290,269,00:01:15,163,87.12%,60.34%,$0.00
/180,284,254,00:03:24,163,87.12%,66.20%,$0.00
/www1.free-share-buttons.top,284,97,00:00:00,97,0.00%,34.15%,$0.00
/113?category=292653,281,230,00:01:18,15,20.00%,29.18%,$0.00
/195?category=194983,281,257,00:01:20,15,60.00%,23.84%,$0.00
/145,275,251,00:01:16,94,68.09%,37.45%,$0.00
/50,275,260,00:02:13,103,82.52%,57.09%,$0.00
/34?category=292650,269,248,00:02:20,18,50.00%,18.96%,$0.00
/99?category=194983,260,245,00:05:35,33,18.18%,21.92%,$0.00
/133?category=355335,257,257,00:01:00,6,50.00%,28.40%,$0.00
/44?category=292650,251,212,00:02:00,15,40.00%,30.28%,$0.00
/41?category=292650,248,206,00:01:12,12,25.00%,18.15%,$0.00
/search/fgets,248,197,00:00:16,42,21.43%,7.26%,$0.00
/112?category=292653,242,200,00:02:11,15,60.00%,26.45%,$0.00
/search/strcmp,236,163,00:00:07,33,9.09%,3.81%,$0.00
/archive/201508,221,188,00:00:11,6,0.00%,4.07%,$0.00
/search/fopen,215,175,00:00:12,24,0.00%,1.40%,$0.00
/175?category=391550,212,200,00:01:47,18,66.67%,31.60%,$0.00
/search/strcpy,209,133,00:00:05,21,14.29%,1.44%,$0.00
/archive/201707,206,178,00:00:39,12,0.00%,13.11%,$0.00
/143?category=391549,203,175,00:02:19,15,60.00%,19.21%,$0.00
/45?category=292650,203,178,00:01:39,9,33.33%,25.12%,$0.00
/15,200,182,00:01:23,136,51.47%,41.00%,$0.00
/37?category=292650,200,169,00:02:14,21,14.29%,25.50%,$0.00
/170,197,175,00:02:32,85,82.35%,47.72%,$0.00
/171,197,185,00:01:02,130,90.77%,72.08%,$0.00
/38?category=292650,197,163,00:03:36,21,42.86%,35.53%,$0.00
/search/scanf,197,118,00:00:14,12,0.00%,3.05%,$0.00
/142?category=391402,188,182,00:00:53,6,100.00%,19.15%,$0.00
/110?category=292653,185,172,00:01:47,6,0.00%,30.81%,$0.00
/156,175,163,00:02:01,109,80.73%,62.29%,$0.00
/category/?page=7,175,142,00:00:37,6,0.00%,6.86%,$0.00
/118?category=292653,169,154,00:00:57,6,0.00%,15.98%,$0.00
/153,169,160,00:00:51,67,76.12%,50.30%,$0.00
/79?category=292651,166,148,00:03:13,3,0.00%,27.11%,$0.00
/archive/201607,163,151,00:00:48,9,0.00%,9.20%,$0.00
/65?category=292650,154,145,00:02:50,0,0.00%,43.51%,$0.00
/101?category=292651,151,139,00:02:17,15,100.00%,33.77%,$0.00
/104?category=292651,151,148,00:04:55,100,97.00%,72.19%,$0.00
/152,151,139,00:03:35,79,81.01%,58.28%,$0.00
/68?category=292650,151,136,00:01:34,15,40.00%,48.34%,$0.00
/150,148,130,00:01:46,36,83.33%,36.49%,$0.00
/search/strstr,148,118,00:00:07,30,0.00%,0.00%,$0.00
/search/fscanf,145,97,00:00:06,9,0.00%,2.07%,$0.00
/40?category=292650,142,115,00:04:04,6,50.00%,27.46%,$0.00
/81?category=292651,142,118,00:02:00,15,60.00%,25.35%,$0.00
/sharebutton.to,142,48,00:00:00,48,0.00%,33.80%,$0.00
/132?category=292652,139,136,00:02:40,12,25.00%,30.22%,$0.00
/36?category=292650,139,118,00:02:08,6,50.00%,30.22%,$0.00
/80?category=292651,139,118,00:03:29,18,83.33%,38.85%,$0.00
/search/fread,139,97,00:00:11,3,0.00%,0.00%,$0.00
/category/C Reference/assert.h (cassert),136,133,00:00:07,0,0.00%,8.82%,$0.00
/search/strtok,136,118,00:00:11,36,8.33%,2.21%,$0.00
/102?category=292651,133,124,00:03:01,15,60.00%,40.60%,$0.00
/108?category=292653,133,115,00:00:57,6,50.00%,22.56%,$0.00
/174?category=391550,133,115,00:01:46,6,100.00%,27.07%,$0.00
/category/?page=2,130,109,00:00:07,0,0.00%,2.31%,$0.00
/59?category=292650,127,127,00:01:25,12,50.00%,44.88%,$0.00
/76?category=292651,127,115,00:01:48,9,33.33%,21.26%,$0.00
/search/구조체,127,67,00:00:08,24,0.00%,0.00%,$0.00
/category/?page=3,124,91,00:00:47,0,0.00%,7.26%,$0.00
/69?category=292650,121,106,00:02:25,9,33.33%,34.71%,$0.00
/category/C++ Reference/IOstream?page=1,121,61,00:00:47,0,0.00%,0.00%,$0.00
/search/fseek,121,73,00:00:05,18,0.00%,4.96%,$0.00
/48?category=292650,118,94,00:01:21,3,100.00%,30.51%,$0.00
/search/c언어,118,97,00:00:22,27,66.67%,17.80%,$0.00
/106?category=292651,115,94,00:01:03,0,0.00%,26.09%,$0.00
/115?category=347872,115,106,00:00:27,0,0.00%,13.04%,$0.00
/search/sprintf,115,94,00:00:05,12,0.00%,0.00%,$0.00
/search/sscanf,115,85,00:00:04,15,0.00%,2.61%,$0.00
/208?category=518457,112,103,00:00:48,3,0.00%,16.07%,$0.00
/57?category=292650,112,103,00:03:29,12,75.00%,32.14%,$0.00
/58?category=292650,112,97,00:02:13,15,60.00%,26.79%,$0.00
/109?category=292653,109,100,00:00:47,6,0.00%,35.78%,$0.00
/72?category=292650,109,103,00:04:22,3,0.00%,27.52%,$0.00
/search/atoi,109,73,00:00:04,6,0.00%,2.75%,$0.00
/search/str,109,51,00:00:52,0,0.00%,0.00%,$0.00
/116?category=292653,106,91,00:00:27,3,0.00%,19.81%,$0.00
/120?category=292653,106,91,00:01:37,6,50.00%,28.30%,$0.00
/199?category=518457,106,97,00:01:26,3,0.00%,19.81%,$0.00
/93?category=292651,106,94,00:00:48,6,50.00%,28.30%,$0.00
/140?category=292652,103,100,00:02:38,3,100.00%,20.39%,$0.00
/entry/씹어먹는-C-언어,103,97,00:01:48,57,31.58%,23.30%,$0.00
/search/string,103,73,00:00:14,9,0.00%,8.74%,$0.00
/111?category=292653,100,85,00:03:18,6,100.00%,39.00%,$0.00
/160,100,97,00:03:48,30,100.00%,61.00%,$0.00
/179,100,88,00:00:28,48,81.25%,45.00%,$0.00
/46?category=292650,100,76,00:01:23,0,0.00%,15.00%,$0.00
/entry/씹어먹는-C-언어-4-계산하리,100,97,00:05:12,61,54.10%,45.00%,$0.00
/search/fprintf,100,73,00:00:06,3,0.00%,0.00%,$0.00
/search/fwrite,100,88,00:00:23,15,0.00%,3.00%,$0.00
/39?category=292650,97,94,00:02:03,12,50.00%,18.56%,$0.00
/47?category=292650,97,85,00:00:24,0,0.00%,27.84%,$0.00
/77?category=292651,97,94,00:03:23,15,100.00%,49.48%,$0.00
/?page=191,94,73,00:02:08,42,71.43%,47.87%,$0.00
/121?category=292652,94,82,00:00:47,9,100.00%,35.11%,$0.00
/64?category=292650,94,85,00:04:11,9,0.00%,25.53%,$0.00
/82?category=292651,94,79,00:02:23,3,100.00%,22.34%,$0.00
/search/c,94,82,00:00:12,3,100.00%,9.57%,$0.00
/search/memcpy,94,64,00:00:06,12,0.00%,3.19%,$0.00
/search/strlen,94,64,00:00:41,6,0.00%,3.19%,$0.00
/163,91,85,00:01:00,42,78.57%,46.15%,$0.00
/177?category=391550,91,85,00:04:47,12,50.00%,46.15%,$0.00
/94?category=292651,91,79,00:01:12,3,100.00%,26.37%,$0.00
/search/gets,91,70,00:00:06,3,0.00%,0.00%,$0.00
/166,88,82,00:02:20,24,62.50%,40.91%,$0.00
/54?category=292650,88,67,00:02:26,6,0.00%,17.05%,$0.00
/search/malloc,88,67,00:01:08,15,0.00%,3.41%,$0.00
/139?category=292652,85,82,00:01:48,15,60.00%,52.94%,$0.00
/186?category=391550,85,79,00:02:24,6,0.00%,38.82%,$0.00
/search/c언어?page=5,85,57,00:00:08,3,100.00%,3.53%,$0.00
/search/strcat,85,73,00:00:04,3,0.00%,0.00%,$0.00
/search/배열,85,64,00:01:09,3,0.00%,7.06%,$0.00
/119?category=292653,82,73,00:00:30,3,0.00%,40.24%,$0.00
/149?category=391549,82,79,00:00:49,9,33.33%,25.61%,$0.00
/178?category=391550,82,82,00:01:32,15,40.00%,25.61%,$0.00
/category/?page=4,82,64,00:00:22,0,0.00%,3.66%,$0.00
/search/printf,82,61,00:00:24,6,0.00%,3.66%,$0.00
/144?category=391549,79,70,00:01:15,6,0.00%,7.59%,$0.00
/35?category=292650,79,76,00:02:09,3,100.00%,45.57%,$0.00
/67?category=292650,79,67,00:00:46,3,0.00%,34.18%,$0.00
/96?category=292651,79,67,00:00:37,6,50.00%,22.78%,$0.00
/search/fgetc,79,45,00:00:06,9,33.33%,3.80%,$0.00
/122?category=292653,76,73,00:01:58,3,100.00%,35.53%,$0.00
/168,76,73,00:00:24,12,25.00%,15.79%,$0.00
/archive/201505,76,61,00:00:07,0,0.00%,11.84%,$0.00
/search/배열?page=3,76,51,00:00:08,0,0.00%,0.00%,$0.00
/146?category=391549,73,73,00:01:33,3,100.00%,28.77%,$0.00
/90?category=292651,73,64,00:01:00,6,100.00%,32.88%,$0.00
/search/c++,73,67,00:00:14,3,100.00%,4.11%,$0.00
/162,70,64,00:00:40,21,71.43%,34.29%,$0.00
/?page=3,67,67,00:00:34,15,80.00%,44.78%,$0.00
/search/str?page=1,67,12,00:00:05,0,0.00%,0.00%,$0.00
/147?category=391549,64,57,00:02:51,0,0.00%,18.75%,$0.00
/185?category=391550,64,57,00:00:46,0,0.00%,42.19%,$0.00
/194?category=391549,64,54,00:00:18,3,100.00%,28.12%,$0.00
/74?category=292650,64,64,00:03:40,6,50.00%,42.19%,$0.00
/78?category=292651,64,61,00:03:12,9,100.00%,42.19%,$0.00
/95?category=292651,64,57,00:02:35,0,0.00%,23.44%,$0.00
/97?category=292651,64,51,00:00:33,0,0.00%,9.38%,$0.00
/category/?page=6,64,54,00:00:05,9,66.67%,18.75%,$0.00
/category/C Reference/math.h (cmath),64,64,00:00:06,0,0.00%,14.06%,$0.00
/search/fputs,64,48,00:00:14,0,0.00%,0.00%,$0.00
/search/sizeof,64,33,00:01:59,6,0.00%,14.06%,$0.00
/search/string?page=2,64,45,00:00:27,3,0.00%,9.38%,$0.00
/124?category=292652,61,54,00:00:53,0,0.00%,44.26%,$0.00
/archive/201704,61,61,00:00:05,0,0.00%,9.84%,$0.00
/category/C++ Reference/Boost Library,61,61,00:00:06,3,0.00%,9.84%,$0.00
/search/strncpy,61,54,00:00:33,15,60.00%,19.67%,$0.00
/search/배열?page=2,61,39,00:00:12,0,0.00%,0.00%,$0.00
/search/포인터,61,54,00:00:17,3,0.00%,4.92%,$0.00
/151?category=391549,57,54,00:00:54,0,0.00%,5.26%,$0.00
/183?category=391550,57,54,00:00:12,3,0.00%,26.32%,$0.00
/66?category=292650,57,54,00:01:16,6,0.00%,21.05%,$0.00
/category/?page=5,57,42,00:00:04,0,0.00%,0.00%,$0.00
/category/C++ Reference/STL Algorithm,57,57,00:00:06,6,0.00%,10.53%,$0.00
/?page=5,54,48,00:02:10,15,60.00%,38.89%,$0.00
/145?category=391549,54,54,00:02:52,0,0.00%,0.00%,$0.00
/91?category=292651,54,51,00:02:06,0,0.00%,16.67%,$0.00
/category/?page=1,54,42,00:02:53,0,0.00%,22.22%,$0.00
/search/,54,51,00:00:09,0,0.00%,16.67%,$0.00
/search/ftell,54,45,00:00:04,9,0.00%,0.00%,$0.00
/search/static,54,33,00:00:11,9,0.00%,16.67%,$0.00
/search/struct,54,42,00:00:11,15,0.00%,5.56%,$0.00
/1,51,45,00:00:05,12,75.00%,17.65%,$0.00
/135?srchid=BR1http://itguru.tistory.com/135,51,42,00:01:52,42,14.29%,11.76%,$0.00
/53?category=292650,51,39,00:00:17,9,33.33%,5.88%,$0.00
/70?category=292650,51,45,00:01:55,9,66.67%,41.18%,$0.00
/86?category=292651,51,45,00:00:59,6,50.00%,17.65%,$0.00
/search/strncmp,51,45,00:00:06,6,0.00%,0.00%,$0.00
/search/구조체?page=2,51,45,00:00:05,0,0.00%,0.00%,$0.00
/search/연산자,51,36,00:05:28,9,33.33%,29.41%,$0.00
/?page=192,48,45,00:01:59,6,50.00%,25.00%,$0.00
/84?category=292651,48,45,00:01:36,6,50.00%,18.75%,$0.00
/92?category=292651,48,45,00:01:33,0,0.00%,25.00%,$0.00
/search/time,48,30,00:00:07,0,0.00%,6.25%,$0.00
/search/typedef,48,45,00:00:12,3,0.00%,0.00%,$0.00
/?page=195,45,33,00:05:39,6,50.00%,33.33%,$0.00
/?page=202,45,42,00:00:30,3,100.00%,20.00%,$0.00
/131?category=292652,45,45,00:01:17,3,0.00%,33.33%,$0.00
/archive/201803,45,39,00:00:07,9,66.67%,26.67%,$0.00
/notice,45,39,00:01:59,21,57.14%,33.33%,$0.00
/search/atof,45,27,00:00:03,0,0.00%,0.00%,$0.00
/search/c++?page=3,45,30,00:00:11,0,0.00%,20.00%,$0.00
/161,42,39,00:00:28,6,100.00%,28.57%,$0.00
/61?category=292650,42,39,00:00:07,0,0.00%,50.00%,$0.00
/category/,42,36,00:00:17,30,10.00%,14.29%,$0.00
/entry/씹어먹는-C-언어-제-2-강-기초-문법-1,42,42,00:00:54,12,50.00%,50.00%,$0.00
/search/fflush,42,33,00:00:24,6,0.00%,0.00%,$0.00
/search/memset,42,36,00:00:04,6,0.00%,0.00%,$0.00
/search/puts,42,39,00:00:07,6,0.00%,7.14%,$0.00
/search/str?page=2,42,30,00:00:51,6,0.00%,7.14%,$0.00
/search/포인터?page=4,42,30,00:00:10,0,0.00%,0.00%,$0.00
/191?category=391549,39,39,00:01:18,0,0.00%,23.08%,$0.00
/51?category=292650,39,33,00:00:20,0,0.00%,15.38%,$0.00
/search/enum,39,33,00:00:16,6,0.00%,7.69%,$0.00
/search/fclose,39,27,00:01:02,3,0.00%,0.00%,$0.00
/155?category=391549,36,33,00:03:23,6,100.00%,41.67%,$0.00
/159?category=391549,36,36,00:00:45,0,0.00%,0.00%,$0.00
/52?category=292650,36,36,00:01:48,0,0.00%,16.67%,$0.00
/6938903-1.compliance-andrew.xyz,36,12,00:00:00,12,0.00%,33.33%,$0.00
/75?category=292650,36,36,00:01:18,0,0.00%,16.67%,$0.00
/search?q=cache:kFYvhesdKkcJ:itguru.tistory.com/29+&cd=1&hl=ko&ct=clnk&gl=kr,36,36,00:00:00,36,100.00%,100.00%,$0.00
/search/calloc,36,36,00:00:24,6,50.00%,16.67%,$0.00
/search/for,36,36,00:00:10,9,0.00%,0.00%,$0.00
/search/getchar,36,33,00:00:05,9,0.00%,8.33%,$0.00
/search/rand,36,24,00:00:04,3,0.00%,0.00%,$0.00
/search/template,36,24,00:00:36,3,100.00%,25.00%,$0.00
/search/vector,36,27,00:00:06,0,0.00%,0.00%,$0.00
/search/버퍼,36,21,00:02:04,6,0.00%,0.00%,$0.00
/search/파일,36,30,00:00:35,0,0.00%,8.33%,$0.00
/search/파일 입출력,36,27,00:00:07,0,0.00%,8.33%,$0.00
/?from=http://net-profits.xyz/,33,33,00:00:00,33,100.00%,100.00%,$0.00
/?page=4,33,33,00:00:54,0,0.00%,27.27%,$0.00
/176?category=391550,33,33,00:02:16,0,0.00%,18.18%,$0.00
/archive/201310,33,27,00:00:07,3,0.00%,0.00%,$0.00
/category/C Reference/ctype.h (cctype),33,33,00:00:07,0,0.00%,0.00%,$0.00
/search/const,33,27,00:00:34,12,25.00%,9.09%,$0.00
/search/define,33,18,00:00:24,0,0.00%,0.00%,$0.00
/search/exit,33,18,00:00:06,0,0.00%,0.00%,$0.00
/search/extern,33,27,00:01:39,3,0.00%,18.18%,$0.00
/search/feof,33,30,00:00:05,3,0.00%,0.00%,$0.00
/search/for?page=2,33,27,00:00:08,0,0.00%,0.00%,$0.00
/search/strchr,33,27,00:00:28,0,0.00%,0.00%,$0.00
/search/씹어먹는,33,30,00:00:11,0,0.00%,0.00%,$0.00
/search/씹어먹는 c언어?page=4,33,21,00:00:12,3,0.00%,9.09%,$0.00
/10?srchid=IIMZZrGG000,30,30,00:00:00,30,100.00%,100.00%,$0.00
/152?category=391549,30,30,00:02:39,3,100.00%,20.00%,$0.00
/153?category=391549,30,30,00:00:47,3,0.00%,10.00%,$0.00
/157?category=391549,30,27,00:02:04,0,0.00%,20.00%,$0.00
/190?category=391549,30,27,00:00:21,0,0.00%,10.00%,$0.00
/193?category=391549,30,30,00:00:39,0,0.00%,10.00%,$0.00
/73?category=292650,30,24,00:00:17,6,50.00%,40.00%,$0.00
/85?category=194984,30,30,00:00:07,0,0.00%,60.00%,$0.00
/archive/201703,30,30,00:00:07,6,0.00%,10.00%,$0.00
/category/C++ Reference/String Library,30,27,00:00:03,0,0.00%,10.00%,$0.00
/search/C,30,27,00:00:06,6,0.00%,10.00%,$0.00
/search/continue,30,24,00:00:08,3,0.00%,10.00%,$0.00
/search/fputc,30,24,00:00:05,0,0.00%,0.00%,$0.00
/search/itoa,30,30,00:00:09,3,100.00%,80.00%,$0.00
/search/strpbrk,30,24,00:00:07,3,0.00%,0.00%,$0.00
/search/switch,30,24,00:00:32,0,0.00%,0.00%,$0.00
/search/while?page=2,30,24,00:00:16,3,0.00%,0.00%,$0.00
/search/write,30,21,00:00:04,0,0.00%,30.00%,$0.00
/search/노드,30,21,00:00:07,0,0.00%,0.00%,$0.00
/search/동적 할당,30,15,00:00:08,3,0.00%,0.00%,$0.00
/search/씹어먹는 c언어,30,24,00:00:07,3,0.00%,0.00%,$0.00
/11,27,24,00:00:05,3,0.00%,0.00%,$0.00
/192?category=391549,27,27,00:01:32,0,0.00%,11.11%,$0.00
/49?category=292650,27,24,00:02:55,3,0.00%,11.11%,$0.00
/h/4730906.html,27,24,00:09:02,24,87.50%,88.89%,$0.00
/search/C?page=5,27,12,00:00:34,0,0.00%,11.11%,$0.00
/search/c?page=6,27,24,00:00:04,0,0.00%,0.00%,$0.00
/search/c++?page=2,27,27,00:00:08,0,0.00%,0.00%,$0.00
/search/fget,27,24,00:00:07,3,0.00%,0.00%,$0.00
/search/fgetpos,27,15,00:00:05,3,0.00%,0.00%,$0.00
/search/fopen?page=2,27,12,00:00:51,0,0.00%,11.11%,$0.00
/search/pdf,27,24,00:00:13,3,0.00%,11.11%,$0.00
/search/putchar,27,21,00:00:05,0,0.00%,0.00%,$0.00
/search/stdin,27,15,00:01:05,0,0.00%,0.00%,$0.00
/search/while,27,24,00:00:50,6,0.00%,0.00%,$0.00
/search/소수,27,27,00:01:08,21,0.00%,0.00%,$0.00
/search/정렬,27,21,00:02:15,3,0.00%,22.22%,$0.00
/search/함수,27,21,00:00:12,0,0.00%,0.00%,$0.00
/?page=190,24,21,00:01:20,6,100.00%,50.00%,$0.00
/156?category=391549,24,24,00:00:17,0,0.00%,12.50%,$0.00
/164?category=391549,24,24,00:00:20,0,0.00%,12.50%,$0.00
/180?category=391549,24,24,00:00:48,0,0.00%,25.00%,$0.00
/62?category=292650,24,21,00:04:58,3,100.00%,37.50%,$0.00
/87?srchid=BR1http://itguru.tistory.com/87,24,24,00:00:07,21,85.71%,87.50%,$0.00
/archive/201404,24,21,00:00:29,0,0.00%,0.00%,$0.00
/archive/201706,24,21,00:00:05,6,50.00%,12.50%,$0.00
/category/c?page=2,24,21,00:01:47,3,100.00%,12.50%,$0.00
/notice/?page=3,24,21,00:00:16,9,66.67%,25.00%,$0.00
/search/bool,24,21,00:02:27,9,66.67%,25.00%,$0.00
/search/char,24,18,00:00:13,0,0.00%,37.50%,$0.00
/search/c언어?page=3,24,18,00:02:57,0,0.00%,12.50%,$0.00
/search/c언어?page=4,24,12,00:00:04,0,0.00%,12.50%,$0.00
/search/getline,24,18,00:00:06,0,0.00%,12.50%,$0.00
/search/read,24,24,00:00:14,0,0.00%,50.00%,$0.00
/search/sort,24,18,00:03:46,0,0.00%,12.50%,$0.00
/search/sprint,24,18,00:00:06,0,0.00%,0.00%,$0.00
/search/strcspn,24,21,00:00:11,3,0.00%,0.00%,$0.00
/search/strncat,24,24,00:00:07,0,0.00%,0.00%,$0.00
/search/this,24,9,00:00:12,0,0.00%,0.00%,$0.00
/search/씹어먹는 C++?page=3,24,15,00:00:14,3,0.00%,0.00%,$0.00
/search/자료구조,24,24,00:00:03,0,0.00%,50.00%,$0.00
/?page=189,21,21,00:00:20,12,100.00%,85.71%,$0.00
/105?category=292651,21,18,00:00:25,0,0.00%,14.29%,$0.00
/150?category=391549,21,21,00:00:51,0,0.00%,0.00%,$0.00
/158?category=391549,21,21,00:00:52,0,0.00%,0.00%,$0.00
/160?category=391549,21,21,00:00:37,0,0.00%,14.29%,$0.00
/167?category=391549,21,21,00:04:09,0,0.00%,14.29%,$0.00
/182?category=391549,21,18,00:02:43,0,0.00%,14.29%,$0.00
/50?category=292650,21,21,00:01:10,0,0.00%,0.00%,$0.00
/admin/entry/post/preview.php,21,15,00:06:47,0,0.00%,28.57%,$0.00
/archive/201211,21,15,00:00:10,0,0.00%,14.29%,$0.00
/archive/201605,21,6,00:00:08,3,0.00%,0.00%,$0.00
/category/c,21,15,00:00:09,15,0.00%,0.00%,$0.00
/search/->,21,18,00:04:34,0,0.00%,28.57%,$0.00
/search/c?page=4,21,12,00:00:07,0,0.00%,0.00%,$0.00
/search/C?page=6,21,12,00:00:04,0,0.00%,0.00%,$0.00
/search/C++,21,15,00:00:07,0,0.00%,0.00%,$0.00
/search/c++?page=4,21,18,00:00:05,0,0.00%,0.00%,$0.00
/search/const?page=3,21,12,00:00:12,0,0.00%,14.29%,$0.00
/search/c언어?page=2,21,18,00:00:04,0,0.00%,0.00%,$0.00
/search/fput,21,15,00:00:06,0,0.00%,0.00%,$0.00
/search/friend,21,18,00:00:08,0,0.00%,14.29%,$0.00
/search/getch,21,18,00:00:03,0,0.00%,71.43%,$0.00
/search/list,21,18,00:00:20,3,0.00%,14.29%,$0.00
/search/new,21,18,00:00:12,0,0.00%,0.00%,$0.00
/search/pointer,21,15,00:00:44,3,0.00%,0.00%,$0.00
/search/putc,21,12,00:00:10,0,0.00%,0.00%,$0.00
/search/rewind,21,18,00:00:03,6,0.00%,0.00%,$0.00
/search/scanf?page=2,21,21,00:00:05,0,0.00%,0.00%,$0.00
/search/setbuf,21,15,00:00:07,0,0.00%,0.00%,$0.00
/search/sleep,21,15,00:01:04,3,0.00%,0.00%,$0.00
/search/snprintf,21,18,00:00:06,3,100.00%,57.14%,$0.00
/search/socket,21,21,00:00:17,3,0.00%,42.86%,$0.00
/search/time.h,21,18,00:00:08,3,0.00%,14.29%,$0.00
/search/문자열,21,21,00:00:14,0,0.00%,0.00%,$0.00
/search/문자열?page=2,21,21,00:00:08,0,0.00%,0.00%,$0.00
/search/상속,21,12,00:00:33,0,0.00%,0.00%,$0.00
/search/씹어먹는 C언어,21,9,00:00:06,0,0.00%,0.00%,$0.00
/search/연산자?page=2,21,18,00:00:07,3,0.00%,14.29%,$0.00
/search/함수 포인터,21,15,00:00:07,3,0.00%,14.29%,$0.00
/?page=11,18,18,00:01:05,9,100.00%,50.00%,$0.00
/?page=187,18,18,00:01:45,9,100.00%,83.33%,$0.00
/?page=200,18,12,00:00:55,12,50.00%,66.67%,$0.00
/154?category=391549,18,18,00:01:30,0,0.00%,0.00%,$0.00
/161?category=391549,18,18,00:03:03,0,0.00%,0.00%,$0.00
/162?category=391549,18,18,00:00:19,0,0.00%,0.00%,$0.00
/2,18,18,00:00:04,3,0.00%,0.00%,$0.00
/4,18,18,00:00:04,0,0.00%,0.00%,$0.00
/archive/201301,18,18,00:00:04,0,0.00%,0.00%,$0.00
/archive/201611,18,15,00:00:05,0,0.00%,33.33%,$0.00
/archive/201705,18,12,00:00:03,6,0.00%,16.67%,$0.00
/category/C Reference/limits.h (climits),18,18,00:00:08,6,0.00%,0.00%,$0.00
/category/c++,18,15,00:00:34,12,25.00%,16.67%,$0.00
/entry/씹어-먹는-C-언어-7-우분투-리눅스-상에서-gcc-로-컴파일-하기,18,15,00:00:16,9,33.33%,33.33%,$0.00
/notice/,18,18,00:00:10,3,0.00%,0.00%,$0.00
/notice/?page=2,18,18,00:00:13,0,0.00%,16.67%,$0.00
/search?q=cache:gVyC-8grlFAJ:itguru.tistory.com/66+&cd=1&hl=ko&ct=clnk&gl=kr,18,18,00:00:00,18,100.00%,100.00%,$0.00
/search/assert,18,18,00:02:05,6,0.00%,16.67%,$0.00
/search/c?page=3,18,12,00:00:08,0,0.00%,0.00%,$0.00
/search/c++?page=5,18,18,00:00:34,0,0.00%,0.00%,$0.00
/search/class,18,12,00:00:25,0,0.00%,0.00%,$0.00
/search/fsetpos,18,12,00:00:05,3,0.00%,0.00%,$0.00
/search/java,18,18,00:00:08,0,0.00%,33.33%,$0.00
/search/namespace,18,12,00:00:14,3,0.00%,0.00%,$0.00
/search/open,18,15,00:00:26,0,0.00%,0.00%,$0.00
/search/scanf_s,18,12,00:00:04,0,0.00%,0.00%,$0.00
/search/stack,18,15,00:02:01,0,0.00%,16.67%,$0.00
/search/stdio,18,12,00:00:14,0,0.00%,0.00%,$0.00
/search/strrchr,18,12,00:00:04,6,0.00%,0.00%,$0.00
/search/strrev,18,9,00:00:06,6,50.00%,16.67%,$0.00
/search/strtol,18,15,00:01:56,3,0.00%,0.00%,$0.00
/search/unsigned,18,15,00:01:16,0,0.00%,0.00%,$0.00
/search/람다,18,9,00:00:04,0,0.00%,0.00%,$0.00
/search/문자열?page=3,18,15,00:00:08,0,0.00%,0.00%,$0.00
/search/생성자,18,9,00:00:18,0,0.00%,0.00%,$0.00
/search/파일?page=2,18,9,00:00:32,0,0.00%,0.00%,$0.00
/?from=http://share-buttons.xyz/,15,15,00:00:00,15,100.00%,100.00%,$0.00
/?page=1,15,12,00:01:19,3,0.00%,20.00%,$0.00
/?page=184,15,12,00:00:26,6,50.00%,40.00%,$0.00
/?page=188,15,15,00:05:30,0,0.00%,0.00%,$0.00
/?page=193,15,15,00:01:08,9,100.00%,80.00%,$0.00
/?page=194,15,15,00:00:55,9,100.00%,60.00%,$0.00
/168?category=391549,15,15,00:00:13,0,0.00%,0.00%,$0.00
/179?category=391549,15,15,00:00:17,0,0.00%,0.00%,$0.00
/22,15,15,00:00:06,0,0.00%,0.00%,$0.00
/3,15,15,00:00:04,6,0.00%,0.00%,$0.00
/archive/201802,15,12,00:00:05,0,0.00%,20.00%,$0.00
/search?q=cache:6OByBmVsahMJ:itguru.tistory.com/114+&cd=1&hl=ko&ct=clnk&gl=kr,15,15,00:00:00,15,100.00%,100.00%,$0.00
/search?q=cache:gVyC-8grlFAJ:itguru.tistory.com/66+&cd=2&hl=ko&ct=clnk&gl=kr,15,15,00:00:00,15,100.00%,100.00%,$0.00
/search?q=cache:W_V61HL0mOwJ:itguru.tistory.com/196+&cd=3&hl=ko&ct=clnk&gl=kr,15,15,00:00:00,15,100.00%,100.00%,$0.00
/search/%s,15,12,00:00:04,0,0.00%,20.00%,$0.00
/search/char?page=4,15,6,00:00:10,0,0.00%,20.00%,$0.00
/search/cin,15,6,00:01:11,0,0.00%,0.00%,$0.00
/search/complex,15,6,00:00:05,0,0.00%,20.00%,$0.00
/search/cstring,15,15,00:00:11,6,50.00%,20.00%,$0.00
/search/get,15,15,00:06:46,0,0.00%,20.00%,$0.00
/search/if,15,15,00:05:21,0,0.00%,20.00%,$0.00
/search/localtime,15,15,00:00:03,0,0.00%,0.00%,$0.00
/search/namespace?page=2,15,9,00:01:20,0,0.00%,0.00%,$0.00
/search/pow,15,15,00:00:00,0,0.00%,100.00%,$0.00
/search/pragma,15,15,00:00:03,6,0.00%,0.00%,$0.00
/search/print,15,12,00:00:08,0,0.00%,20.00%,$0.00
/search/scanf?page=1,15,12,00:00:05,0,0.00%,0.00%,$0.00
/search/select,15,15,00:00:14,0,0.00%,60.00%,$0.00
/search/std,15,12,00:00:08,0,0.00%,0.00%,$0.00
/search/stderr,15,12,00:00:07,0,0.00%,0.00%,$0.00
/search/stdio?page=3,15,15,00:00:06,3,0.00%,0.00%,$0.00
/search/stdio.h,15,9,00:00:06,0,0.00%,0.00%,$0.00
/search/stl,15,12,00:00:08,0,0.00%,20.00%,$0.00
/search/string.h,15,12,00:01:13,0,0.00%,20.00%,$0.00
/search/대문자,15,6,00:00:06,0,0.00%,0.00%,$0.00
/search/랜덤,15,9,00:00:03,0,0.00%,20.00%,$0.00
/search/스택,15,15,00:00:07,6,0.00%,0.00%,$0.00
/search/자료형,15,3,00:00:06,0,0.00%,0.00%,$0.00
/search/클래스,15,15,00:00:15,0,0.00%,20.00%,$0.00
/search/클래스?page=1,15,6,00:00:06,0,0.00%,0.00%,$0.00
/search/파일?page=3,15,3,00:00:11,0,0.00%,0.00%,$0.00
/search/파일입출력,15,15,00:00:06,0,0.00%,0.00%,$0.00
/search/형변환,15,3,00:00:53,0,0.00%,0.00%,$0.00
/?from=http://free-traffic.xyz/,12,12,00:00:00,12,100.00%,100.00%,$0.00
/?page=197,12,12,00:00:28,6,100.00%,50.00%,$0.00
/?page=199,12,12,00:00:24,6,100.00%,75.00%,$0.00
/163?category=391549,12,12,00:00:33,0,0.00%,0.00%,$0.00
/165?category=391549,12,12,00:00:32,0,0.00%,0.00%,$0.00
/166?category=391549,12,12,00:00:11,0,0.00%,0.00%,$0.00
/170?category=391549,12,12,00:00:13,0,0.00%,0.00%,$0.00
/181?category=391549,12,12,00:00:54,0,0.00%,0.00%,$0.00
/admin/skin/newpreview.php?skin=customize/329162&mode=index,12,12,00:00:37,0,0.00%,75.00%,$0.00
/archive/201612,12,6,00:00:08,3,0.00%,0.00%,$0.00
/archive/201804,12,9,00:00:09,0,0.00%,0.00%,$0.00
/category/C++ Reference/기타 라이브러리,12,9,00:00:03,0,0.00%,0.00%,$0.00
/notice/12,12,12,00:00:11,6,100.00%,50.00%,$0.00
/search?q=cache:-2eAumNM_sMJ:itguru.tistory.com/189+&cd=1&hl=ko&ct=clnk&gl=kr,12,9,00:03:31,9,66.67%,75.00%,$0.00
/search?q=cache:27fdB0Ew_d8J:itguru.tistory.com/80+&cd=3&hl=ko&ct=clnk&gl=kr,12,12,00:00:00,12,100.00%,100.00%,$0.00
/search?q=cache:6ogoSLTYTa8J:itguru.tistory.com/38+&cd=1&hl=ko&ct=clnk&gl=kr,12,12,00:00:00,12,100.00%,100.00%,$0.00
/search?q=cache:DZNdeTzrKZcJ:itguru.tistory.com/58+&cd=2&hl=ko&ct=clnk&gl=kr,12,12,00:00:00,12,100.00%,100.00%,$0.00
/search?q=cache:W_V61HL0mOwJ:itguru.tistory.com/196+&cd=2&hl=ko&ct=clnk&gl=kr,12,12,00:00:00,12,100.00%,100.00%,$0.00
/search?q=cache:xD4pQ0j-4NAJ:itguru.tistory.com/102+&cd=1&hl=ko&ct=clnk&gl=kr,12,12,00:00:00,12,100.00%,100.00%,$0.00
/search/&&,12,12,00:00:03,0,0.00%,0.00%,$0.00
/search/#define,12,6,00:00:07,0,0.00%,0.00%,$0.00
/search/8진수,12,6,00:00:06,0,0.00%,25.00%,$0.00
/search/argc,12,6,00:00:04,0,0.00%,25.00%,$0.00
/search/begin,12,12,00:00:26,6,0.00%,0.00%,$0.00
/search/bit 제어,12,3,00:00:11,0,0.00%,0.00%,$0.00
/search/break,12,6,00:00:14,0,0.00%,25.00%,$0.00
/search/c?page=2,12,9,00:00:05,0,0.00%,0.00%,$0.00
/search/ctime,12,6,00:00:06,0,0.00%,0.00%,$0.00
/search/C언어,12,9,00:00:08,0,0.00%,0.00%,$0.00
/search/dirent.h,12,6,00:00:12,0,0.00%,0.00%,$0.00
/search/eof,12,9,00:00:17,0,0.00%,0.00%,$0.00
/search/file,12,12,00:03:16,0,0.00%,0.00%,$0.00
/search/fopen?page=1,12,6,00:00:09,3,0.00%,25.00%,$0.00
/search/for 문,12,6,00:00:04,0,0.00%,0.00%,$0.00
/search/idx,12,6,00:00:08,0,0.00%,0.00%,$0.00
/search/linked list,12,12,00:00:08,3,0.00%,0.00%,$0.00
/search/localtime_r,12,6,00:01:11,0,0.00%,25.00%,$0.00
/search/memcmp,12,9,00:00:08,3,0.00%,0.00%,$0.00
/search/namespace?page=1,12,3,00:00:02,0,0.00%,25.00%,$0.00
/search/perror,12,6,00:00:05,0,0.00%,0.00%,$0.00
/search/return?page=3,12,6,00:00:09,0,0.00%,0.00%,$0.00
/search/return?page=5,12,9,00:01:25,0,0.00%,0.00%,$0.00
/search/seek,12,6,00:04:45,3,0.00%,0.00%,$0.00
/search/stat,12,12,00:00:11,0,0.00%,0.00%,$0.00
/search/stdlib.h,12,12,00:00:11,0,0.00%,25.00%,$0.00
/search/STR,12,3,00:00:16,0,0.00%,0.00%,$0.00
/search/strdup,12,6,00:00:04,3,0.00%,50.00%,$0.00
/search/streambuf,12,6,00:00:07,3,0.00%,0.00%,$0.00
/search/system,12,12,00:07:48,0,0.00%,25.00%,$0.00
/search/thread,12,9,00:00:08,0,0.00%,25.00%,$0.00
/search/union,12,12,00:00:06,0,0.00%,0.00%,$0.00
/search/void,12,9,00:00:11,0,0.00%,0.00%,$0.00
/search/wrapper,12,6,00:00:26,0,0.00%,25.00%,$0.00
/search/가상함수,12,6,00:00:04,0,0.00%,0.00%,$0.00
/search/난수,12,9,00:00:08,0,0.00%,0.00%,$0.00
/search/도서,12,9,00:00:10,0,0.00%,0.00%,$0.00
/search/동적할당,12,9,00:00:12,0,0.00%,0.00%,$0.00
/search/리스트,12,12,00:09:51,3,100.00%,25.00%,$0.00
/search/배열?page=1,12,9,00:00:42,0,0.00%,0.00%,$0.00
/search/버퍼?page=2,12,6,00:00:04,0,0.00%,0.00%,$0.00
/search/변환?page=2,12,6,00:00:10,0,0.00%,0.00%,$0.00
/search/부동소수점,12,9,00:00:04,0,0.00%,0.00%,$0.00
/search/비주얼 스튜디오,12,6,00:00:05,0,0.00%,0.00%,$0.00
/search/비트,12,6,00:00:15,0,0.00%,0.00%,$0.00
/search/생각해보기,12,9,00:00:06,3,100.00%,25.00%,$0.00
/search/소켓,12,9,00:00:06,0,0.00%,25.00%,$0.00
/search/씹어먹는 C++,12,12,00:00:08,0,0.00%,0.00%,$0.00
/search/씹어먹는 C언어?page=4,12,6,00:00:05,3,0.00%,0.00%,$0.00
/search/씹어먹는?page=2,12,9,00:00:05,0,0.00%,0.00%,$0.00
/search/어셈블리,12,6,00:00:20,0,0.00%,0.00%,$0.00
/search/자바,12,9,00:00:07,0,0.00%,0.00%,$0.00
/search/재귀,12,12,00:00:06,0,0.00%,25.00%,$0.00
/search/전역변수,12,6,00:00:05,0,0.00%,0.00%,$0.00
/search/전처리기,12,9,00:01:20,0,0.00%,0.00%,$0.00
/search/초기화,12,6,00:03:05,0,0.00%,0.00%,$0.00
/search/최적화,12,9,00:00:09,3,0.00%,0.00%,$0.00
/search/포인터?page=2,12,9,00:00:11,0,0.00%,0.00%,$0.00
/search/포인터?page=3,12,12,00:00:18,0,0.00%,0.00%,$0.00
/search/함수?page=6,12,12,00:00:09,0,0.00%,0.00%,$0.00
/?from=http://www.traffic2cash.xyz/,9,9,00:00:00,9,100.00%,100.00%,$0.00
/?page=128,9,6,00:00:55,6,50.00%,33.33%,$0.00
/?page=15,9,6,00:00:06,3,0.00%,66.67%,$0.00
/?page=48,9,3,00:00:07,0,0.00%,0.00%,$0.00
/?page=72,9,9,00:02:15,6,50.00%,33.33%,$0.00
/171?category=391549,9,9,00:00:31,0,0.00%,0.00%,$0.00
/5?srchid=BR1http://itguru.tistory.com/5,9,9,00:00:00,9,100.00%,100.00%,$0.00
/55?category=194985,9,6,00:00:14,3,0.00%,0.00%,$0.00
/6938903-1.compliance-fred.xyz,9,3,00:00:00,3,0.00%,33.33%,$0.00
/archive/201403,9,9,00:00:07,0,0.00%,33.33%,$0.00
/archive/201510,9,6,00:00:03,0,0.00%,0.00%,$0.00
/archive/201606,9,6,00:00:05,3,0.00%,0.00%,$0.00
/archive/201610,9,6,00:00:05,0,0.00%,33.33%,$0.00
/archive/201701,9,9,00:08:34,3,0.00%,0.00%,$0.00
/archive/201711,9,9,00:00:03,0,0.00%,0.00%,$0.00
/archive/201712,9,9,00:00:03,3,100.00%,66.67%,$0.00
/archive/201805,9,9,00:00:02,0,0.00%,0.00%,$0.00
/category/c?page=1,9,6,00:09:26,0,0.00%,33.33%,$0.00
/entry/94EC6EBB98A4-C-96EC6EC6EC6EA80-AD095BC,9,9,00:00:00,9,100.00%,100.00%,$0.00
/entry/씹어-먹는-C-언어-10-연예인-캐스팅-C-언어에서의-형-변환,9,9,00:00:00,9,100.00%,100.00%,$0.00
/guestbook?page=2,9,9,00:00:09,0,0.00%,33.33%,$0.00
/notice/8,9,6,00:00:06,0,0.00%,33.33%,$0.00
/search?q=cache:-AlmZGnnu9kJ:itguru.tistory.com/64+&cd=1&hl=ko&ct=clnk&gl=kr,9,9,00:00:00,9,100.00%,100.00%,$0.00
/search?q=cache:2SRvYtzj3lgJ:itguru.tistory.com/77+&cd=4&hl=ko&ct=clnk&gl=kr,9,9,00:00:00,9,100.00%,100.00%,$0.00
/search?q=cache:6ogoSLTYTa8J:itguru.tistory.com/38+&cd=2&hl=ko&ct=clnk&gl=kr,9,9,00:00:00,9,100.00%,100.00%,$0.00
/search?q=cache:ElhPIygIGRQJ:itguru.tistory.com/59+&cd=1&hl=ko&ct=clnk&gl=kr,9,9,00:00:00,9,100.00%,100.00%,$0.00
/search?q=cache:Jp4X8samfMMJ:itguru.tistory.com/112+&cd=1&hl=ko&ct=clnk&gl=kr,9,6,00:00:51,6,50.00%,66.67%,$0.00
/search?q=cache:SPRPh5KaDbIJ:itguru.tistory.com/93+&cd=1&hl=ko&ct=clnk&gl=kr,9,9,00:00:00,9,100.00%,100.00%,$0.00
/search?q=cache:SuPn1ODj2VIJ:itguru.tistory.com/65+&cd=2&hl=ko&ct=clnk&gl=kr,9,9,00:00:00,9,100.00%,100.00%,$0.00
/search/.h,9,6,00:00:05,0,0.00%,33.33%,$0.00
/search/[],9,9,00:00:07,0,0.00%,0.00%,$0.00
/search//t,9,3,00:01:02,0,0.00%,0.00%,$0.00
/search/&num,9,3,00:00:06,0,0.00%,0.00%,$0.00
/search/1?page=4,9,6,00:00:05,0,0.00%,0.00%,$0.00
/search/abs,9,9,00:00:03,3,0.00%,0.00%,$0.00
/search/binary,9,9,00:00:15,3,0.00%,0.00%,$0.00
/search/bind,9,9,00:00:10,0,0.00%,33.33%,$0.00
/search/bzero,9,9,00:14:35,3,0.00%,66.67%,$0.00
/search/C 언어 - 알람,9,6,00:09:19,6,0.00%,33.33%,$0.00
/search/c?page=5,9,9,00:00:06,0,0.00%,0.00%,$0.00
/search/C++?page=2,9,6,00:00:08,0,0.00%,0.00%,$0.00
/search/C++?page=3,9,6,00:00:05,0,0.00%,0.00%,$0.00
/search/call,9,9,00:00:15,0,0.00%,0.00%,$0.00
/search/Calloc,9,9,00:00:05,3,0.00%,0.00%,$0.00
/search/const?page=2,9,9,00:00:07,0,0.00%,0.00%,$0.00
/search/C언어?page=2,9,9,00:00:09,0,0.00%,0.00%,$0.00
/search/do,9,9,00:10:15,3,0.00%,33.33%,$0.00
/search/fileno,9,6,00:00:09,0,0.00%,33.33%,$0.00
/search/fopen_s,9,9,00:00:05,0,0.00%,33.33%,$0.00
/search/fpos_t,9,3,00:00:03,0,0.00%,0.00%,$0.00
/search/getch(),9,6,00:00:04,0,0.00%,33.33%,$0.00
/search/gethost,9,6,00:00:02,0,0.00%,0.00%,$0.00
/search/gets_s,9,3,00:00:55,0,0.00%,0.00%,$0.00
/search/goto,9,3,00:00:05,0,0.00%,0.00%,$0.00
/search/if?page=3,9,9,00:00:05,0,0.00%,0.00%,$0.00
/search/include,9,9,00:00:09,6,50.00%,33.33%,$0.00
/search/int,9,9,00:00:22,0,0.00%,33.33%,$0.00
/search/isdigit,9,3,00:00:14,0,0.00%,33.33%,$0.00
/search/iterator,9,6,00:01:29,0,0.00%,0.00%,$0.00
/search/linked,9,6,00:00:03,0,0.00%,0.00%,$0.00
/search/long int atol ( const char * str ),9,3,00:00:04,0,0.00%,0.00%,$0.00
/search/ltoa,9,3,00:00:58,0,0.00%,33.33%,$0.00
/search/map,9,9,00:00:08,6,0.00%,0.00%,$0.00
/search/mktime,9,6,00:00:04,0,0.00%,0.00%,$0.00
/search/move,9,6,00:00:05,0,0.00%,33.33%,$0.00
/search/msg,9,3,00:00:09,0,0.00%,0.00%,$0.00
/search/null 값,9,3,00:00:07,0,0.00%,0.00%,$0.00
/search/ostream,9,6,00:00:08,3,0.00%,0.00%,$0.00
/search/printf?page=2,9,9,00:00:09,0,0.00%,33.33%,$0.00
/search/printf?page=3,9,9,00:00:09,0,0.00%,33.33%,$0.00
/search/pthread,9,9,00:00:04,6,100.00%,66.67%,$0.00
/search/Putc,9,9,00:00:07,3,0.00%,0.00%,$0.00
/search/queue,9,6,00:00:09,3,0.00%,0.00%,$0.00
/search/reference,9,9,00:00:07,0,0.00%,0.00%,$0.00
/search/reference?page=2,9,9,00:00:04,0,0.00%,0.00%,$0.00
/search/reference?page=3,9,9,00:00:03,0,0.00%,0.00%,$0.00
/search/reference?page=4,9,9,00:00:10,0,0.00%,66.67%,$0.00
/search/return,9,9,00:00:08,0,0.00%,0.00%,$0.00
/search/return?page=6,9,9,00:00:08,0,0.00%,0.00%,$0.00
/search/round,9,6,00:00:07,0,0.00%,33.33%,$0.00
/search/scanfs,9,6,00:00:04,3,0.00%,0.00%,$0.00
/search/setw,9,3,00:00:05,0,0.00%,33.33%,$0.00
/search/signal,9,6,00:00:09,0,0.00%,0.00%,$0.00
/search/srand,9,9,00:00:03,0,0.00%,0.00%,$0.00
/search/sscantf,9,3,00:00:09,0,0.00%,0.00%,$0.00
/search/ssf,9,3,00:00:03,0,0.00%,0.00%,$0.00
/search/strspn,9,9,00:00:04,0,0.00%,0.00%,$0.00
/search/TEXT,9,3,00:00:06,0,0.00%,0.00%,$0.00
/search/trim,9,9,00:00:06,3,0.00%,33.33%,$0.00
/search/ungetc,9,9,00:00:05,3,100.00%,33.33%,$0.00
/search/void?page=2,9,9,00:00:44,0,0.00%,33.33%,$0.00
/search/vsprintf,9,6,00:00:10,0,0.00%,33.33%,$0.00
/search/while?page=1,9,6,00:09:00,0,0.00%,0.00%,$0.00
/search/간접,9,3,00:00:06,0,0.00%,0.00%,$0.00
/search/객체?page=3,9,3,00:00:05,0,0.00%,33.33%,$0.00
/search/계산기,9,3,00:00:29,0,0.00%,33.33%,$0.00
/search/구조,9,9,00:00:13,0,0.00%,0.00%,$0.00
/search/구조체?page=1,9,6,00:00:08,0,0.00%,0.00%,$0.00
/search/도서관,9,3,00:00:06,0,0.00%,0.00%,$0.00
/search/레퍼런스,9,9,00:00:11,0,0.00%,0.00%,$0.00
/search/레퍼런스?page=4,9,6,00:00:12,0,0.00%,0.00%,$0.00
/search/버블,9,6,00:00:05,0,0.00%,0.00%,$0.00
/search/변환,9,6,00:00:10,0,0.00%,0.00%,$0.00
/search/성적,9,3,00:00:09,0,0.00%,33.33%,$0.00
/search/소인수분해,9,6,00:00:04,0,0.00%,0.00%,$0.00
/search/씹어먹는 c++,9,9,00:00:12,0,0.00%,0.00%,$0.00
/search/씹어먹는 c++?page=2,9,6,00:00:12,0,0.00%,0.00%,$0.00
/search/씹어먹는 C++?page=2,9,9,00:00:04,0,0.00%,0.00%,$0.00
/search/씹어먹는?page=3,9,6,00:00:08,0,0.00%,0.00%,$0.00
/search/연결리스트,9,9,00:00:03,0,0.00%,33.33%,$0.00
/search/우분투,9,9,00:00:04,0,0.00%,0.00%,$0.00
/search/재귀함수,9,9,00:00:03,0,0.00%,0.00%,$0.00
/search/클래스?page=2,9,6,00:00:03,0,0.00%,0.00%,$0.00
/search/템플릿,9,9,00:00:20,0,0.00%,33.33%,$0.00
/search/포인터?page=1,9,6,00:04:12,0,0.00%,0.00%,$0.00
/search/함수?page=2,9,9,00:00:03,0,0.00%,0.00%,$0.00
/tag,9,9,00:00:38,6,50.00%,33.33%,$0.00
/translate_c?depth=1&hl=en&prev=search&rurl=translate.google.co.nz&sl=ko&sp=nmt4&u=http://itguru.tistory.com/135&usg=ALkJrhjFZUdMqMCtVDRye5McfAQ5fQ6zvg,9,3,00:00:09,3,0.00%,0.00%,$0.00
/?from=http://www.traffic-cash.xyz/,6,6,00:00:00,6,100.00%,100.00%,$0.00
/?page=10,6,6,00:00:40,3,0.00%,0.00%,$0.00
/?page=119,6,6,00:00:00,6,100.00%,100.00%,$0.00
/?page=130,6,6,00:00:17,3,0.00%,50.00%,$0.00
/?page=155,6,3,00:04:01,3,0.00%,0.00%,$0.00
/?page=16,6,6,00:00:00,3,100.00%,100.00%,$0.00
/?page=172,6,6,00:00:11,3,0.00%,50.00%,$0.00
/?page=173,6,6,00:04:52,3,100.00%,50.00%,$0.00
/?page=179,6,6,00:00:00,6,100.00%,100.00%,$0.00
/?page=180,6,3,00:00:23,3,0.00%,50.00%,$0.00
/?page=196,6,3,00:00:14,0,0.00%,50.00%,$0.00
/?page=198,6,6,00:00:00,6,100.00%,100.00%,$0.00
/?page=22,6,6,00:00:00,6,100.00%,100.00%,$0.00
/?page=6,6,6,00:00:15,0,0.00%,0.00%,$0.00
/?page=7,6,6,00:04:21,3,0.00%,0.00%,$0.00
/?page=70,6,3,00:03:35,0,0.00%,0.00%,$0.00
/0,6,6,00:00:03,3,100.00%,50.00%,$0.00
/103?srchid=BR1http://itguru.tistory.com/103,6,6,00:00:14,6,50.00%,50.00%,$0.00
/129?srchid=BR1http://itguru.tistory.com/129,6,6,00:04:35,6,0.00%,0.00%,$0.00
/13,6,6,00:00:04,0,0.00%,0.00%,$0.00
/136?srchid=BR1http://itguru.tistory.com/136,6,6,00:00:00,6,100.00%,100.00%,$0.00
/14?srchid=BR1http://itguru.tistory.com/14,6,6,00:00:00,6,100.00%,100.00%,$0.00
/149?srchid=BR1http://itguru.tistory.com/149,6,6,00:01:21,6,50.00%,50.00%,$0.00
/18?srchid=IIM4kNmO000,6,6,00:00:00,6,100.00%,100.00%,$0.00
/195?srchid=BR1http://itguru.tistory.com/195,6,6,00:00:00,6,100.00%,100.00%,$0.00
/202?srchid=BR1http://itguru.tistory.com/202,6,3,00:11:36,3,0.00%,50.00%,$0.00
/211?srchid=BR1http://itguru.tistory.com/211,6,6,00:00:00,6,100.00%,100.00%,$0.00
/60?srchid=BR1http://itguru.tistory.com/60,6,6,00:01:46,6,50.00%,50.00%,$0.00
/66?category=194983,6,6,00:00:00,3,100.00%,100.00%,$0.00
/71?srchid=BR1http://itguru.tistory.com/71,6,6,00:00:00,6,100.00%,100.00%,$0.00
/769,6,6,00:00:05,6,0.00%,0.00%,$0.00
/archive/201208,6,3,00:00:05,0,0.00%,0.00%,$0.00
/archive/201309,6,6,00:00:05,0,0.00%,0.00%,$0.00
/archive/201608,6,6,00:00:06,0,0.00%,0.00%,$0.00
/archive/201609,6,3,00:00:15,0,0.00%,50.00%,$0.00
/archive/201702,6,6,00:00:08,0,0.00%,50.00%,$0.00
/archive/201709,6,6,00:00:08,0,0.00%,50.00%,$0.00
/archive/201801,6,6,00:00:04,0,0.00%,0.00%,$0.00
/category/c?seq=3,6,3,00:00:11,3,0.00%,0.00%,$0.00
/entry/씹어먹는-C-언어-2-C-언어-본격-맛보기,6,6,00:00:08,3,0.00%,0.00%,$0.00
/entry/씹어먹는-C-언어-5-문자-입력-받기,6,6,00:00:00,6,100.00%,100.00%,$0.00
/home,6,6,00:00:00,6,100.00%,100.00%,$0.00
/notice/18,6,6,00:00:21,3,0.00%,0.00%,$0.00
/notice/7,6,6,00:00:06,0,0.00%,0.00%,$0.00
/search?q=cache:-AlmZGnnu9kJ:itguru.tistory.com/64+&cd=4&hl=ko&ct=clnk&gl=kr,6,3,00:00:19,3,0.00%,50.00%,$0.00
/search?q=cache:2C9vZS58opQJ:itguru.tistory.com/120+&cd=1&hl=ko&ct=clnk&gl=kr,6,6,00:00:00,6,100.00%,100.00%,$0.00
/search?q=cache:6ZxbioVrl-UJ:itguru.tistory.com/101+&cd=1&hl=ko&ct=clnk&gl=kr,6,6,00:00:00,6,100.00%,100.00%,$0.00
/search?q=cache:8G-_MnABYjwJ:itguru.tistory.com/35+&cd=3&hl=ko&ct=clnk&gl=kr,6,6,00:00:00,6,100.00%,100.00%,$0.00
/search?q=cache:8QxgB9c7U4oJ:itguru.tistory.com/40+&cd=1&hl=ko&ct=clnk&gl=kr,6,6,00:00:00,6,100.00%,100.00%,$0.00
/search?q=cache:aI43i7U6I1gJ:itguru.tistory.com/7+&cd=2&hl=ko&ct=clnk&gl=kr,6,6,00:00:00,6,100.00%,100.00%,$0.00
/search?q=cache:dYKbD4VeluMJ:itguru.tistory.com/notice/15+&cd=12&hl=ko&ct=clnk&gl=kr,6,6,00:00:00,6,100.00%,100.00%,$0.00
/search?q=cache:DZNdeTzrKZcJ:itguru.tistory.com/58+&cd=1&hl=ko&ct=clnk&gl=kr,6,6,00:00:00,6,100.00%,100.00%,$0.00
/search?q=cache:FNVq0nedyg8J:itguru.tistory.com/84+&cd=4&hl=ko&ct=clnk&gl=kr,6,6,00:00:00,6,100.00%,100.00%,$0.00
/search?q=cache:gVyC-8grlFAJ:itguru.tistory.com/66+&cd=1&hl=ko&ct=clnk&gl=kr&lr=lang_ko,6,6,00:00:00,6,100.00%,100.00%,$0.00
/search?q=cache:gVyC-8grlFAJ:itguru.tistory.com/66+&cd=3&hl=ko&ct=clnk&gl=kr,6,6,00:00:00,6,100.00%,100.00%,$0.00
/search?q=cache:gVyC-8grlFAJ:itguru.tistory.com/66+&cd=4&hl=ko&ct=clnk&gl=kr,6,6,00:00:00,6,100.00%,100.00%,$0.00
/search?q=cache:gVyC-8grlFAJ:itguru.tistory.com/66+&cd=5&hl=ko&ct=clnk&gl=kr,6,6,00:00:00,6,100.00%,100.00%,$0.00
/search?q=cache:iTsZSISFKhoJ:itguru.tistory.com/131+&cd=1&hl=ko&ct=clnk&gl=kr,6,6,00:00:00,6,100.00%,100.00%,$0.00
/search?q=cache:MIBxitwpLugJ:itguru.tistory.com/12+&cd=1&hl=ko&ct=clnk&gl=kr,6,6,00:00:00,6,100.00%,100.00%,$0.00
/search?q=cache:NkHOPKPh_XgJ:itguru.tistory.com/45+&cd=1&hl=ko&ct=clnk&gl=kr,6,6,00:00:00,6,100.00%,100.00%,$0.00
/search?q=cache:OuXznGJcpkQJ:itguru.tistory.com/221+&cd=2&hl=ko&ct=clnk&gl=kr&lr=lang_ko,6,3,00:06:14,3,0.00%,50.00%,$0.00
